Rk,,Age,G,GS,MP,FG,FGA,FG%,3P,3PA,3P%,2P,2PA,2P%,eFG%,FT,FTA,FT%,ORB,DRB,TRB,AST,STL,BLK,TOV,PF,PTS/G
1,James Harden,31,36,35,36.6,7.8,16.6,.471,2.7,7.3,.366,5.2,9.4,.552,.551,6.3,7.3,.856,0.8,7.7,8.5,10.9,1.3,0.8,4.0,2.4,24.6
2,Kyrie Irving,28,54,54,34.9,10.2,20.1,.506,2.8,7.0,.402,7.4,13.1,.561,.576,3.7,4.0,.922,1.0,3.8,4.8,6.0,1.4,0.7,2.4,2.6,26.9
3,Kevin Durant,32,35,32,33.1,9.3,17.2,.537,2.4,5.4,.450,6.8,11.8,.577,.608,6.0,6.8,.882,0.4,6.7,7.1,5.6,0.7,1.3,3.4,2.0,26.9
4,Joe Harris,29,69,65,31.0,5.2,10.2,.505,3.1,6.4,.475,2.1,3.8,.555,.654,0.7,0.9,.778,0.6,3.0,3.6,1.9,0.7,0.2,0.9,2.0,14.1
5,Caris LeVert,26,12,4,27.8,7.3,16.7,.435,1.8,5.3,.349,5.4,11.4,.474,.490,2.2,2.8,.765,0.8,3.5,4.3,6.0,1.1,0.5,2.2,1.7,18.5
6,Jeff Green,34,68,38,27.0,3.8,7.8,.492,1.5,3.7,.412,2.3,4.1,.564,.590,1.8,2.4,.776,0.5,3.4,3.9,1.6,0.5,0.4,0.8,1.8,11.0
7,Jarrett Allen,22,12,5,26.7,3.7,5.4,.677,0.0,0.0,,3.7,5.4,.677,.677,3.8,5.1,.754,3.2,7.3,10.4,1.7,0.6,1.6,1.8,1.8,11.2
8,LaMarcus Aldridge,35,5,5,26.0,5.0,9.6,.521,0.8,1.0,.800,4.2,8.6,.488,.563,2.0,2.0,1.000,0.4,4.4,4.8,2.6,0.6,2.2,1.4,2.2,12.8
9,Landry Shamet,23,61,12,23.0,3.0,7.5,.408,2.1,5.5,.387,0.9,2.0,.463,.549,1.1,1.3,.846,0.2,1.7,1.8,1.6,0.5,0.2,0.8,1.5,9.3
10,Bruce Brown,24,65,37,22.3,3.6,6.5,.556,0.3,0.9,.288,3.4,5.6,.599,.576,1.3,1.8,.735,1.7,3.7,5.4,1.6,0.9,0.4,0.8,2.2,8.8
11,DeAndre Jordan,32,57,43,21.9,3.3,4.4,.763,0.0,0.0,.000,3.3,4.4,.766,.763,0.8,1.6,.500,2.1,5.4,7.5,1.6,0.3,1.1,1.5,2.0,7.5
12,Blake Griffin,31,26,10,21.5,3.6,7.3,.492,1.2,3.1,.383,2.4,4.2,.574,.574,1.7,2.1,.782,1.1,3.6,4.7,2.4,0.7,0.5,1.2,2.7,10.0
13,Spencer Dinwiddie,27,3,3,21.3,2.0,5.3,.375,0.7,2.3,.286,1.3,3.0,.444,.438,2.0,2.0,1.000,0.0,4.3,4.3,3.0,0.7,0.3,1.7,1.3,6.7
14,Nicolas Claxton,21,32,1,18.6,2.8,4.5,.621,0.0,0.2,.200,2.8,4.4,.636,.624,1.0,2.0,.484,1.3,3.8,5.2,0.9,0.7,1.3,0.6,2.1,6.6
15,Mike James,30,13,1,18.2,2.6,7.1,.370,0.8,2.4,.355,1.8,4.7,.377,.429,1.6,2.1,.778,0.2,2.2,2.5,4.2,0.5,0.1,1.5,0.8,7.7
16,Taurean Prince,26,12,4,18.2,2.5,6.2,.405,1.1,3.1,.351,1.4,3.1,.459,.493,2.0,2.3,.889,0.2,2.7,2.8,0.6,0.7,0.7,0.9,1.8,8.1
17,Timoth√© Luwawu-Cabarrot,25,58,7,18.1,2.2,6.1,.365,1.3,4.1,.314,0.9,2.0,.470,.471,0.6,0.7,.814,0.5,1.7,2.2,1.2,0.6,0.1,0.7,1.7,6.4
18,Tyler Johnson,28,39,3,17.5,1.8,4.7,.393,1.2,3.4,.364,0.6,1.3,.471,.525,0.5,0.5,.857,0.2,1.8,2.0,1.2,0.4,0.0,0.4,1.1,5.4
19,Andre Roberson,29,5,0,12.6,0.4,2.8,.143,0.2,1.6,.125,0.2,1.2,.167,.179,0.2,0.4,.500,1.4,1.6,3.0,0.8,0.6,0.2,0.4,0.8,1.2
20,Alize Johnson,24,18,0,10.5,2.2,3.8,.588,0.1,0.3,.167,2.2,3.4,.629,.596,0.7,0.7,1.000,1.5,3.5,5.0,0.8,0.3,0.3,0.5,0.9,5.2
21,Chris Chiozza,25,22,1,10.5,1.4,4.0,.352,0.6,1.9,.310,0.8,2.1,.391,.426,0.6,0.8,.765,0.1,1.0,1.1,3.0,0.3,0.3,0.7,0.9,4.0
22,Norvel Pelle,27,3,0,9.3,1.0,2.3,.429,0.0,0.0,,1.0,2.3,.429,.429,0.0,0.0,,1.0,1.3,2.3,0.0,0.0,1.0,1.0,3.0,2.0
23,Reggie Perry,20,26,0,8.1,1.2,3.0,.410,0.2,0.8,.190,1.1,2.2,.491,.436,0.4,0.5,.769,1.0,1.8,2.8,0.5,0.2,0.2,0.6,1.5,3.0
24,Iman Shumpert,30,2,0,5.5,0.5,2.0,.250,0.0,1.5,.000,0.5,0.5,1.000,.250,0.0,0.0,,0.5,0.0,0.5,0.0,0.5,0.0,0.5,0.0,1.0
25,Tyler Cook,23,4,0,4.3,0.3,0.8,.333,0.0,0.0,,0.3,0.8,.333,.333,0.0,0.0,,0.3,0.3,0.5,0.5,0.0,0.0,0.3,0.5,0.5
26,Rodions Kurucs,22,5,0,3.2,0.2,0.6,.333,0.2,0.4,.500,0.0,0.2,.000,.500,0.0,0.0,,0.0,0.6,0.6,0.4,0.0,0.0,0.0,0.2,0.6
27,Noah Vonleh,25,4,0,2.8,0.0,0.8,.000,0.0,0.5,.000,0.0,0.3,.000,.000,0.0,0.0,,0.0,0.3,0.3,0.3,0.0,0.0,0.5,0.5,0.0